{"architecture": "ff", "num_epochs": 2, "num_processes": 3, "threads": 5, "is_distributed": "y", "training_time": 31.250429153442383, "accuracy": 45.31333333333333, "avg_loss": 1.853397192557653, "batch_size": 12}