{"architecture": "ff", "num_epochs": 2, "num_processes": 3, "threads": 5, "is_distributed": "y", "training_time": 29.682019472122192, "accuracy": 32.57833333333333, "avg_loss": 2.08211772702535, "batch_size": 12}