{"architecture": "ff", "num_epochs": 2, "num_processes": 3, "threads": 5, "is_distributed": "y", "training_time": 31.309999704360962, "accuracy": 50.72833333333333, "avg_loss": 1.668471617046992, "batch_size": 12}